title,year,release_date,genres,overview,runtime,rating,vote_count,popularity,director,cast,poster_url
Shelter,2026,2026-01-28,"Action, Crime, Thriller","A man living in self-imposed exile on a remote island rescues a young girl from a violent storm, setting off a chain of events that forces him out of seclusion to protect her from enemies tied to his past.",107,6.8,236,373.401,Ric Roman Waugh,"Jason Statham, Bodhi Rae Breathnach, Michael Shaeffer, Anna Crilly, Bill Nighy",https://image.tmdb.org/t/p/w500/buPFnHZ3xQy6vZEHxbHgL1Pc6CR.jpg
Return to Silent Hill,2026,2026-01-21,"Drama, Horror, Mystery","When James receives a mysterious letter from his lost love Mary, he is drawn to Silent Hill—a once-familiar town now consumed by darkness. As he searches for her, James faces monstrous creatures and unravels a terrifying truth that will push him to the edge of his sanity.",106,5.016,246,160.9873,Christophe Gans,"Jeremy Irvine, Hannah Emily Anderson, Evie Templeton, Pearse Egan, Nicola Alexis",https://image.tmdb.org/t/p/w500/fqAGFN2K2kDL0EHxvJaXzaMUkkt.jpg
Scream 7,2026,2026-02-25,"Crime, Horror, Mystery","When a new Ghostface killer emerges in the quiet town where Sidney Prescott has built a new life, her darkest fears are realized as her daughter becomes the next target. Determined to protect her family, Sidney must face the horrors of her past to put an end to the bloodshed once and for all.",114,6.0,248,151.1317,Kevin Williamson,"Neve Campbell, Courteney Cox, Isabel May, Jasmin Savoy Brown, Mason Gooding",https://image.tmdb.org/t/p/w500/jjyuk0edLiW8vOSnlfwWCCLpbh5.jpg
Mercy,2026,2026-01-20,"Action, Science Fiction, Thriller","In the near future, a detective stands on trial accused of murdering his wife. He has ninety minutes to prove his innocence to the advanced AI Judge he once championed, before it determines his fate.",99,7.1,663,135.0507,Timur Bekmambetov,"Chris Pratt, Rebecca Ferguson, Kali Reis, Kylie Rogers, Chris Sullivan",https://image.tmdb.org/t/p/w500/pyok1kZJCfyuFapYXzHcy7BLlQa.jpg
Zootopia 2,2025,2025-11-26,"Adventure, Animation, Comedy, Family, Mystery","After cracking the biggest case in Zootopia's history, rookie cops Judy Hopps and Nick Wilde find themselves on the twisting trail of a great mystery when Gary De'Snake arrives and turns the animal metropolis upside down. To crack the case, Judy and Nick must go undercover to unexpected new parts of town, where their growing partnership is tested like never before.",108,7.611,1965,128.6089,Jared Bush,"Ginnifer Goodwin, Jason Bateman, Ke Huy Quan, Fortune Feimster, Andy Samberg",https://image.tmdb.org/t/p/w500/oJ7g2CifqpStmoYQyaLQgEU32qO.jpg
Greenland 2: Migration,2026,2026-01-07,"Adventure, Science Fiction, Thriller","Having found the safety of the Greenland bunker after the comet Clarke decimated the Earth, the Garrity family must now risk everything to embark on a perilous journey across the wasteland of Europe to find a new home.",98,6.486,555,125.4984,Ric Roman Waugh,"Gerard Butler, Morena Baccarin, Roman Griffin Davis, Tommie Earl Jenkins, Trond Fausa Aurvåg",https://image.tmdb.org/t/p/w500/z2tqCJLsw6uEJ8nJV8BsQXGa3dr.jpg
The Shadow's Edge,2025,2025-08-16,"Action, Crime, Drama, Thriller",Macau Police brings the tracking expert police officer out of retirement to help catch a dangerous group of professional thieves.,142,7.214,475,111.5835,Larry Yang,"Jackie Chan, Zhang Zifeng, Tony Leung Ka-fai, Ci Sha, Jun",https://image.tmdb.org/t/p/w500/e0RU6KpdnrqFxDKlI3NOqN8nHL6.jpg
Avatar: Fire and Ash,2025,2025-12-17,"Adventure, Fantasy, Science Fiction","In the wake of the devastating war against the RDA and the loss of their eldest son, Jake Sully and Neytiri face a new threat on Pandora: the Ash People, a violent and power-hungry Na'vi tribe led by the ruthless Varang. Jake's family must fight for their survival and the future of Pandora in a conflict that pushes them to their emotional and physical limits.",198,7.3,1864,112.5888,James Cameron,"Sam Worthington, Zoe Saldaña, Sigourney Weaver, Stephen Lang, Oona Chaplin",https://image.tmdb.org/t/p/w500/bRBeSHfGHwkEpImlhxPmOcUsaeg.jpg
The Wrecking Crew,2026,2026-01-28,"Action, Comedy, Crime, Mystery","Estranged half-brothers Jonny and James reunite after their father's mysterious death. As they search for the truth, buried secrets reveal a conspiracy threatening to tear their family apart.",124,6.914,748,100.7101,Ángel Manuel Soto,"Dave Bautista, Jason Momoa, Temuera Morrison, Morena Baccarin, Roimata Fox",https://image.tmdb.org/t/p/w500/gbVwHl4YPSq6BcC92TQpe7qUTh6.jpg
The Housemaid,2025,2025-12-18,"Drama, Mystery, Thriller","Trying to escape her past, Millie Calloway accepts a job as a live-in housemaid for the wealthy Nina and Andrew Winchester. But what begins as a dream job quickly unravels into something far more dangerous—a sexy, seductive game of secrets, scandal, and power.",131,7.259,1414,94.761,Paul Feig,"Sydney Sweeney, Amanda Seyfried, Brandon Sklenar, Michele Morrone, Elizabeth Perkins",https://image.tmdb.org/t/p/w500/cWsBscZzwu5brg9YjNkGewRUvJX.jpg
Demon Slayer: Kimetsu no Yaiba Infinity Castle,2025,2025-07-18,"Action, Animation, Fantasy","The Demon Slayer Corps are drawn into the Infinity Castle, where Tanjiro, Nezuko, and the Hashira face terrifying Upper Rank demons in a desperate fight as the final battle against Muzan Kibutsuji begins.",156,7.658,752,95.1859,Haruo Sotozaki,"Natsuki Hanae, Takahiro Sakurai, Akira Ishida, Hiro Shimono, Yoshimasa Hosoya",https://image.tmdb.org/t/p/w500/fWVSwgjpT2D78VUh6X8UBd2rorW.jpg
War of the Worlds,2025,2025-07-29,"Science Fiction, Thriller","Will Radford is a top analyst for Homeland Security who tracks potential threats through a mass surveillance program, until one day an attack by an unknown entity leads him to question whether the government is hiding something from him... and from the rest of the world.",91,4.168,913,92.6795,Rich Lee,"Ice Cube, Eva Longoria, Clark Gregg, Iman Benson, Henry Hunter Hall",https://image.tmdb.org/t/p/w500/yvirUYrva23IudARHn3mMGVxWqM.jpg
Dog 51,2025,2025-10-15,"Action, Crime, Science Fiction, Thriller","In the near future, Paris is divided into three zones that separate social classes, and no one can escape ALMA, a predictive AI that has revolutionized law enforcement. When ALMA’s creator is assassinated, Salia, a top agent, and Zem, a jaded cop, are forced to work together to solve a murder that may expose the dark secrets of the system they serve.",100,6.265,215,57.9878,Cédric Jimenez,"Gilles Lellouche, Adèle Exarchopoulos, Louis Garrel, Romain Duris, Valeria Bruni Tedeschi",https://image.tmdb.org/t/p/w500/olMvhbCRuhTbf6EMKxKGHi2on3L.jpg
Predator: Badlands,2025,2025-11-05,"Action, Adventure, Science Fiction","Cast out from his clan, a young Predator finds an unlikely ally in a damaged android and embarks on a treacherous journey in search of the ultimate adversary.",107,7.716,2272,77.3549,Dan Trachtenberg,"Elle Fanning, Dimitrius Schuster-Koloamatangi, Ravi Narayan, Michael Homick, Stefan Grube",https://image.tmdb.org/t/p/w500/erTRAi241eYF4K8KoGGOI8kFPox.jpg
28 Years Later: The Bone Temple,2026,2026-01-14,"Horror, Science Fiction, Thriller",Dr. Kelson finds himself in a shocking new relationship - with consequences that could change the world as they know it - and Spike's encounter with Jimmy Crystal becomes a nightmare he can't escape.,109,7.22,763,78.8461,Nia DaCosta,"Ralph Fiennes, Jack O'Connell, Alfie Williams, Erin Kellyman, Chi Lewis-Parry",https://image.tmdb.org/t/p/w500/kK1BGkG3KAvWB0WMV1DfOx9yTMZ.jpg
"""Wuthering Heights""",2026,2026-02-11,"Drama, Romance","Tragedy strikes when Heathcliff falls in love with Catherine Earnshaw, a woman from a wealthy family in 18th-century England.",136,6.414,465,64.9748,Emerald Fennell,"Margot Robbie, Jacob Elordi, Hong Chau, Alison Oliver, Shazad Latif",https://image.tmdb.org/t/p/w500/ywRO5dyE8RyyXJd6cvd69jLZeic.jpg
One Battle After Another,2025,2025-09-23,"Action, Crime, Thriller","Washed-up revolutionary Bob exists in a state of stoned paranoia, surviving off-grid with his spirited, self-reliant daughter, Willa. When his evil nemesis resurfaces after 16 years and she goes missing, the former radical scrambles to find her, father and daughter both battling the consequences of his past.",162,7.407,2996,56.0876,Paul Thomas Anderson,"Leonardo DiCaprio, Sean Penn, Chase Infiniti, Benicio del Toro, Regina Hall",https://image.tmdb.org/t/p/w500/lbBWwxBht4JFP5PsuJ5onpMqugW.jpg
The Avengers,2012,2012-04-25,"Action, Adventure, Science Fiction","When an unexpected enemy emerges and threatens global safety and security, Nick Fury, director of the international peacekeeping agency known as S.H.I.E.L.D., finds himself in need of a team to pull the world back from the brink of disaster. Spanning the globe, a daring recruitment effort begins!",143,7.96,36306,49.5243,Joss Whedon,"Robert Downey Jr., Chris Evans, Mark Ruffalo, Chris Hemsworth, Scarlett Johansson",https://image.tmdb.org/t/p/w500/RYMX2wcKCBAr24UyPD7xwmjaTn.jpg
xXx,2002,2002-08-09,"Action, Adventure, Crime, Drama, Thriller","Xander Cage is your standard adrenaline junkie with no fear and a lousy attitude. When the US Government ""recruits"" him to go on a mission, he's not exactly thrilled. His mission: to gather information on an organization that may just be planning the destruction of the world, led by the nihilistic Yorgi.",124,5.98,4811,50.9367,Rob Cohen,"Vin Diesel, Asia Argento, Marton Csokas, Samuel L. Jackson, Michael Roof",https://image.tmdb.org/t/p/w500/xeEw3eLeSFmJgXZzmF2Efww0q3s.jpg
Hamnet,2025,2025-11-26,"Drama, History, Romance","The powerful story of love and loss that inspired the creation of Shakespeare's timeless masterpiece, Hamlet.",126,7.731,880,51.2174,Chloé Zhao,"Jessie Buckley, Paul Mescal, Emily Watson, Joe Alwyn, Jacobi Jupe",https://image.tmdb.org/t/p/w500/vbeyOZm2bvBXcbgPD3v6o94epPX.jpg
Marty Supreme,2025,2025-12-19,Drama,"Marty Mauser, a young man with a dream no one respects, goes to hell and back in pursuit of greatness.",150,7.516,1163,56.7651,Josh Safdie,"Timothée Chalamet, Gwyneth Paltrow, Odessa A'zion, Kevin O'Leary, Tyler, The Creator",https://image.tmdb.org/t/p/w500/lYWEXbQgRTR4ZQleSXAgRbxAjvq.jpg
Now You See Me: Now You Don't,2025,2025-11-12,"Crime, Thriller","The original Four Horsemen reunite with a new generation of illusionists to take on powerful diamond heiress Veronika Vanderberg, who leads a criminal empire built on money laundering and trafficking. The new and old magicians must overcome their differences to work together on their most ambitious heist yet.",113,6.54,1175,55.5623,Ruben Fleischer,"Jesse Eisenberg, Dominic Sessa, Ariana Greenblatt, Justice Smith, Rosamund Pike",https://image.tmdb.org/t/p/w500/oD3Eey4e4Z259XLm3eD3WGcoJAh.jpg
The Rip,2026,2026-01-13,"Action, Crime, Thriller","Trust frays when a team of Miami cops discovers millions in cash inside a run-down stash house, calling everyone — and everything — into question.",113,7.07,1324,59.0364,Joe Carnahan,"Matt Damon, Ben Affleck, Steven Yeun, Teyana Taylor, Catalina Sandino Moreno",https://image.tmdb.org/t/p/w500/4wsYWH73Hb1B6noGIFaRQSAkuXj.jpg
Anaconda,2025,2025-12-24,"Action, Adventure, Comedy, Horror","A group of friends facing mid-life crises head to the rainforest with the intention of remaking their favorite movie from their youth, only to find themselves in a fight for their lives against natural disasters, giant snakes and violent criminals.",100,5.843,725,53.726,Tom Gormican,"Jack Black, Paul Rudd, Steve Zahn, Thandiwe Newton, Daniela Melchior",https://image.tmdb.org/t/p/w500/qxMv3HwAB3XPuwNLMhVRg795Ktp.jpg
Interstellar,2014,2014-11-05,"Adventure, Drama, Science Fiction",The adventures of a group of explorers who make use of a newly discovered wormhole to surpass the limitations on human space travel and conquer the vast distances involved in an interstellar voyage.,169,8.5,39056,48.1974,Christopher Nolan,"Matthew McConaughey, Anne Hathaway, Michael Caine, Jessica Chastain, Casey Affleck",https://image.tmdb.org/t/p/w500/gEU2QniE6E77NI6lCU6MxlNBvIx.jpg
KPop Demon Hunters,2025,2025-06-20,"Animation, Comedy, Fantasy, Music","When K-pop superstars Rumi, Mira and Zoey aren't selling out stadiums, they're using their secret powers to protect their fans from supernatural threats.",96,8.068,2468,48.765,Maggie Kang,"Arden Cho, May Hong, Ji-young Yoo, Ahn Hyo-seop, Yunjin Kim",https://image.tmdb.org/t/p/w500/zT7Lhw3BhJbMkRqm9Zlx2YGMsY0.jpg
Sinners,2025,2025-04-16,"Action, Horror, Thriller","Trying to leave their troubled lives behind, twin brothers return to their hometown to start again, only to discover that an even greater evil is waiting to welcome them back.",138,7.488,3869,42.076,Ryan Coogler,"Michael B. Jordan, Hailee Steinfeld, Miles Caton, Jack O'Connell, Wunmi Mosaku",https://image.tmdb.org/t/p/w500/qTvFWCGeGXgBRaINLY1zqgTPSpn.jpg
The Running Man,2025,2025-11-11,"Action, Science Fiction, Thriller","Desperate to save his sick daughter, working-class Ben Richards is convinced by The Running Man's charming but ruthless producer to enter the deadly competition game as a last resort. But Ben's defiance, instincts, and grit turn him into an unexpected fan favorite — and a threat to the entire system. As ratings skyrocket, so does the danger, and Ben must outwit not just the Hunters, but a nation addicted to watching him fall.",133,6.786,1235,44.0979,Edgar Wright,"Glen Powell, William H. Macy, Lee Pace, Michael Cera, Emilia Jones",https://image.tmdb.org/t/p/w500/dKL78O9zxczVgjtNcQ9UkbYLzqX.jpg
Scary Movie,2000,2000-07-07,Comedy,"A familiar-looking group of teenagers find themselves being stalked by a more-than-vaguely recognizable masked killer! As the victims begin to pile up and the laughs pile on, none of your favorite scary movies escape the razor-sharp satire of this outrageously funny parody!",88,6.383,7567,41.8587,Keenen Ivory Wayans,"Anna Faris, Regina Hall, Marlon Wayans, Shawn Wayans, Jon Abrahams",https://image.tmdb.org/t/p/w500/fVQFPRuw3yWXojYDJvA5EoFjUOY.jpg
F1,2025,2025-06-25,"Action, Drama",Racing legend Sonny Hayes is coaxed out of retirement to lead a struggling Formula 1 team—and mentor a young hotshot driver—while chasing one more chance at glory.,156,7.765,3488,38.9408,Joseph Kosinski,"Brad Pitt, Damson Idris, Javier Bardem, Kerry Condon, Tobias Menzies",https://image.tmdb.org/t/p/w500/vqBmyAj0Xm9LnS1xe1MSlMAJyHq.jpg
The SpongeBob Movie: Search for SquarePants,2025,2025-12-16,"Adventure, Animation, Comedy, Family, Fantasy","Desperate to be a big guy, SpongeBob sets out to prove his bravery to Mr. Krabs by following The Flying Dutchman – a mysterious swashbuckling ghost pirate – on a seafaring adventure that takes him to the deepest depths of the deep sea, where no Sponge has gone before.",89,6.758,219,36.0784,Derek Drymon,"Tom Kenny, Clancy Brown, Rodger Bumpass, Bill Fagerbakke, Carolyn Lawrence",https://image.tmdb.org/t/p/w500/xJnOMMsFASxNiFnG7v3TNIQ3ife.jpg
Sausage Party,2016,2016-07-11,"Adventure, Animation, Comedy, Fantasy",Hot dog Frank leads a group of supermarket products on a quest to discover the truth about their existence and what really happens when they become chosen to leave the grocery store.,89,5.75,7641,30.3642,Greg Tiernan,"Seth Rogen, Kristen Wiig, Jonah Hill, Bill Hader, Michael Cera",https://image.tmdb.org/t/p/w500/vNgdPJQ5CI60oEiiHLKRNrsDhMy.jpg
Superman,2025,2025-07-09,"Action, Adventure, Science Fiction","Superman, a journalist in Metropolis, embarks on a journey to reconcile his Kryptonian heritage with his human upbringing as Clark Kent.",130,7.353,4423,39.1215,James Gunn,"David Corenswet, Rachel Brosnahan, Nicholas Hoult, Edi Gathegi, Nathan Fillion",https://image.tmdb.org/t/p/w500/ldyfo0BKmz5rWtJJKCvwaNS4cJT.jpg
Send Help,2026,2026-01-22,"Comedy, Horror, Thriller","Two colleagues become stranded on a deserted island, the only survivors of a plane crash. On the island, they must overcome past grievances and work together to survive, but ultimately, it's a battle of wills and wits to make it out alive.",113,7.1,350,40.0225,Sam Raimi,"Rachel McAdams, Dylan O'Brien, Edyll Ismail, Dennis Haysbert, Xavier Samuel",https://image.tmdb.org/t/p/w500/kL4MgAIZIYX3sCeG34N0XfVhCtt.jpg
The Faculty,1998,1998-12-25,"Horror, Science Fiction","When some very creepy things start happening around school, the kids at Herrington High make the chilling discovery that confirms their worst suspicions: their teachers really are from another planet!",104,6.564,2189,36.6087,Robert Rodriguez,"Josh Hartnett, Elijah Wood, Jordana Brewster, Clea DuVall, Shawn Hatosy",https://image.tmdb.org/t/p/w500/5XetJwmAiDC0EtH23NIXaqFn3Wl.jpg
The Shawshank Redemption,1994,1994-09-23,"Crime, Drama","Imprisoned in the 1940s for the double murder of his wife and her lover, upstanding banker Andy Dufresne begins a new life at the Shawshank prison, where he puts his accounting skills to work for an amoral warden. During his long stretch in prison, Dufresne comes to be admired by the other inmates -- including an older prisoner named Red -- for his integrity and unquenchable sense of hope.",142,8.716,29874,36.3764,Frank Darabont,"Tim Robbins, Morgan Freeman, Bob Gunton, William Sadler, Clancy Brown",https://image.tmdb.org/t/p/w500/9cqNxx0GxF0bflZmeSMuL5tnGzr.jpg
Jurassic World Rebirth,2025,2025-07-01,"Action, Adventure, Science Fiction","Five years after the events of Jurassic World Dominion, covert operations expert Zora Bennett is contracted to lead a skilled team on a top-secret mission to secure genetic material from the world's three most massive dinosaurs. When Zora's operation intersects with a civilian family whose boating expedition was capsized, they all find themselves stranded on an island where they come face-to-face with a sinister, shocking discovery that's been hidden from the world for decades.",134,6.307,3071,39.2236,Gareth Edwards,"Scarlett Johansson, Mahershala Ali, Jonathan Bailey, Rupert Friend, Manuel Garcia-Rulfo",https://image.tmdb.org/t/p/w500/1RICxzeoNCAO5NpcRMIgg1XT6fm.jpg
Frankenstein,2025,2025-10-17,"Drama, Fantasy, Horror","Dr. Victor Frankenstein, a brilliant but egotistical scientist, brings a creature to life in a monstrous experiment that ultimately leads to the undoing of both the creator and his tragic creation.",150,7.664,3061,37.8848,Guillermo del Toro,"Oscar Isaac, Jacob Elordi, Christoph Waltz, Mia Goth, Felix Kammerer",https://image.tmdb.org/t/p/w500/g4JtvGlQO7DByTI6frUobqvSL3R.jpg
My Fault,2023,2023-06-08,"Drama, Romance, Thriller","Noah must leave her city, boyfriend, and friends to move into William Leister's mansion, the flashy and wealthy husband of her mother Rafaela. As a proud and independent 17 year old, Noah resists living in a mansion surrounded by luxury. However, it is there where she meets Nick, her new stepbrother, and the clash of their strong personalities becomes evident from the very beginning.",116,7.755,4011,37.3022,Domingo González,"Nicole Wallace, Gabriel Guevara, Marta Hazas, Iván Sánchez, Eva Ruiz",https://image.tmdb.org/t/p/w500/w46Vw536HwNnEzOa7J24YH9DPRS.jpg
Scream,1996,1996-12-20,"Crime, Horror, Mystery","A year after the murder of her mother, a teenage girl is terrorized by a masked killer who targets her and her friends by using scary movies as part of a deadly game.",112,7.4,7749,31.8171,Wes Craven,"David Arquette, Neve Campbell, Courteney Cox, Matthew Lillard, Rose McGowan",https://image.tmdb.org/t/p/w500/lr9ZIrmuwVmZhpZuTCW8D9g0ZJe.jpg
The Dark Knight,2008,2008-07-16,"Action, Crime, Thriller","Batman raises the stakes in his war on crime. With the help of Lt. Jim Gordon and District Attorney Harvey Dent, Batman sets out to dismantle the remaining criminal organizations that plague the streets. The partnership proves to be effective, but they soon find themselves prey to a reign of chaos unleashed by a rising criminal mastermind known to the terrified citizens of Gotham as the Joker.",152,8.5,35291,31.4546,Christopher Nolan,"Christian Bale, Heath Ledger, Aaron Eckhart, Michael Caine, Maggie Gyllenhaal",https://image.tmdb.org/t/p/w500/qJ2tW6WMUDux911r6m7haRef0WH.jpg
Wicked: For Good,2025,2025-11-19,"Adventure, Fantasy, Romance","As an angry mob rises against the Wicked Witch, Glinda and Elphaba will need to come together one final time. With their singular friendship now the fulcrum of their futures, they will need to truly see each other, with honesty and empathy, if they are to change themselves, and all of Oz, for good.",137,6.648,853,30.7636,Jon M. Chu,"Cynthia Erivo, Ariana Grande, Jeff Goldblum, Michelle Yeoh, Jonathan Bailey",https://image.tmdb.org/t/p/w500/si9tolnefLSUKaqQEGz1bWArOaL.jpg
Sisu: Road to Revenge,2025,2025-10-21,"Action, War","Returning to the house where his family was brutally murdered during the war, ""the man who refuses to die"" dismantles it, loads it on a truck, and is determined to rebuild it somewhere safe in their honor. When the commander who killed his family comes back hellbent on finishing the job, a relentless, eye-popping cross-country chase ensues.",89,7.338,587,33.0166,Jalmari Helander,"Jorma Tommila, Stephen Lang, Richard Brake, Tommi Korpela, Kaspar Velberg",https://image.tmdb.org/t/p/w500/jNsttCWZyPtW66MjhUozBzVsRb7.jpg
Avatar,2009,2009-12-16,"Action, Adventure, Science Fiction","In the 22nd century, a paraplegic Marine is dispatched to the moon Pandora on a unique mission, but becomes torn between following orders and protecting an alien civilization.",162,7.6,33569,33.2099,James Cameron,"Sam Worthington, Zoe Saldaña, Sigourney Weaver, Stephen Lang, Michelle Rodriguez",https://image.tmdb.org/t/p/w500/gKY6q7SjCkAU6FqvqWybDYgUKIF.jpg
The Godfather,1972,1972-03-14,"Crime, Drama","Spanning the years 1945 to 1955, a chronicle of the fictional Italian-American Corleone crime family. When organized crime family patriarch, Vito Corleone barely survives an attempt on his life, his youngest son, Michael steps in to take care of the would-be killers, launching a campaign of bloody revenge.",175,8.687,22553,32.2628,Francis Ford Coppola,"Marlon Brando, Al Pacino, James Caan, Robert Duvall, Richard S. Castellano",https://image.tmdb.org/t/p/w500/3bhkrj58Vtu7enYsRolD1fZdja1.jpg
Inception,2010,2010-07-15,"Action, Adventure, Science Fiction","Cobb, a skilled thief who commits corporate espionage by infiltrating the subconscious of his targets is offered a chance to regain his old life as payment for a task considered to be impossible: ""inception"", the implantation of another person's idea into a target's subconscious.",148,8.371,38800,33.164,Christopher Nolan,"Leonardo DiCaprio, Joseph Gordon-Levitt, Ken Watanabe, Tom Hardy, Elliot Page",https://image.tmdb.org/t/p/w500/xlaY2zyzMfkhk0HSC5VUwzoZPU1.jpg
Dracula,2025,2025-07-30,"Fantasy, Horror, Romance","In late 15th-century Eastern Europe, Prince Vlad II’s bride is brutally murdered. As a result, he renounces God and damns Heaven itself. Cursed with eternal life, Vlad is reborn as Dracula, an immortal warlord who defies fate in a blood-soaked crusade to wrench his lost love back from death.",130,7.112,917,32.9531,Luc Besson,"Caleb Landry Jones, Zoë Bleu Sidel, Christoph Waltz, Matilda De Angelis, Ewens Abid",https://image.tmdb.org/t/p/w500/libhghrUSBSEdHgF9uP1SQES0nQ.jpg
The Death and Life of Bobby Z,2007,2007-07-23,"Action, Crime, Drama, Thriller","A DEA agent provides former Marine Tim Kearney with a way out of his prison sentence: impersonate Bobby Z, a recently deceased drug dealer, in a hostage switch with a crime lord. When the negotiations go awry, Kearney flees, with Z's son in tow.",97,6.152,397,29.6778,John Herzfeld,"Paul Walker, Laurence Fishburne, Olivia Wilde, Jason Lewis, Michael Bowen",https://image.tmdb.org/t/p/w500/sgIthxRLUBTbaetVXvXwQEmbfn2.jpg
Primate,2026,2026-01-01,"Horror, Thriller","Lucy, a college student, along with her friends, spend their vacation at her family's home in Hawaii, which includes her pet chimpanzee, Ben. However, when Ben contracts rabies after being bitten by a rabid animal, the group must fight for their lives in order to avoid the now-violent chimp.",89,6.564,442,31.8109,Johannes Roberts,"Johnny Sequoyah, Jessica Alexander, Troy Kotsur, Victoria Wyant, Gia Hunter",https://image.tmdb.org/t/p/w500/z97hrgI5wbGbZvSVkBfAeBnFKAg.jpg
Scream VI,2023,2023-03-08,"Crime, Horror, Thriller","Following the latest Ghostface killings, the four survivors leave Woodsboro behind and start a fresh chapter.",123,6.963,3076,29.7948,Matt Bettinelli-Olpin,"Melissa Barrera, Jenna Ortega, Jasmin Savoy Brown, Mason Gooding, Jack Champion",https://image.tmdb.org/t/p/w500/wDWwtvkRRlgTiUr6TyLSMX8FCuZ.jpg
Trap House,2025,2025-11-14,"Action, Crime, Thriller","An undercover DEA agent and his partner embark on a game of cat and mouse with an audacious, and surprising group of thieves – their own rebellious teenagers, who have begun robbing from a dangerous cartel, using their parents' tactics and top-secret intel to do it.",101,6.513,228,32.3351,Michael Dowse,"Dave Bautista, Jack Champion, Sophia Lillis, Whitney Peak, Bobby Cannavale",https://image.tmdb.org/t/p/w500/6tpAPeuuqbVnYWWPoOLEDLSBU7a.jpg
Titanic,1997,1997-12-18,"Drama, Romance","101-year-old Rose DeWitt Bukater tells the story of her life aboard the Titanic, 84 years later. A young Rose boards the ship with her mother and fiancé. Meanwhile, Jack Dawson and Fabrizio De Rossi win third-class tickets aboard the ship. Rose tells the whole story from Titanic's departure through to its death—on its first and last voyage—on April 15, 1912.",194,7.903,26860,28.1748,James Cameron,"Leonardo DiCaprio, Kate Winslet, Billy Zane, Kathy Bates, Frances Fisher",https://image.tmdb.org/t/p/w500/9xjZS2rlVxm8SFx8kPC3aIGCOYQ.jpg
What Dreams May Come,1998,1998-10-02,"Drama, Fantasy, Romance","Chris Nielsen dies to find himself in a heaven more amazing than he could have ever dreamed of. There is one thing missing: his wife. After he dies, his wife Annie killed herself and went to hell. Chris decides to risk eternity in Hades for the small chance that he will be able to bring her back to heaven.",113,7.195,2442,30.7686,Vincent Ward,"Robin Williams, Cuba Gooding Jr., Annabella Sciorra, Josh Paddock, Jessica Brooks Grant",https://image.tmdb.org/t/p/w500/78wCdphUzeb528wLZw2W0fn7yGB.jpg
Spider-Man: Into the Spider-Verse,2018,2018-12-06,"Action, Adventure, Animation, Science Fiction","Struggling to find his place in the world while juggling school and family, Brooklyn teenager Miles Morales is unexpectedly bitten by a radioactive spider and develops unfathomable powers just like the one and only Spider-Man. While wrestling with the implications of his new abilities, Miles discovers a super collider created by the madman Wilson ""Kingpin"" Fisk, causing others from across the Spider-Verse to be inadvertently transported to his dimension.",117,8.394,16934,24.2718,Bob Persichetti,"Shameik Moore, Jake Johnson, Hailee Steinfeld, Mahershala Ali, Brian Tyree Henry",https://image.tmdb.org/t/p/w500/iiZZdoQBEYBv6id8su7ImL0oCbD.jpg
Troll 2,2025,2025-11-30,"Action, Fantasy, Thriller","When a dangerous new troll unleashes devastation across their homeland, Nora, Andreas and Major Kris embark on their most perilous mission yet.",102,6.517,422,33.5148,Roar Uthaug,"Ine Marie Wilmann, Kim S. Falck-Jørgensen, Mads Sjøgård Pettersen, Sara Khorami, Karoline Viktoria Sletteng Garvang",https://image.tmdb.org/t/p/w500/p6xAExLNFbHcLfvSuvLPoM8aqZU.jpg
Ri¢hie Ri¢h,1994,1994-12-19,"Comedy, Family","Billionaire heir Richie Rich has it all, including Reggie Jackson as a batting coach and Claudia Schiffer as a personal trainer -- but no playmates. What's more, scoundrel Laurence Van Dough is scheming to take over the family empire. Uh-oh! Enter faithful butler Cadbury to save the day.",94,5.942,2387,29.3835,Donald Petrie,"Macaulay Culkin, John Larroquette, Edward Herrmann, Christine Ebersole, Jonathan Hyde",https://image.tmdb.org/t/p/w500/qgGh5d0IHAZRlHIdFS3XWVygumR.jpg
Scream,2022,2022-01-12,"Horror, Mystery","Twenty-five years after a streak of brutal murders shocked the quiet town of Woodsboro, a new killer has donned the Ghostface mask and begins targeting a group of teenagers to resurrect secrets from the town’s deadly past.",114,6.689,3757,29.1702,Tyler Gillett,"Melissa Barrera, Jenna Ortega, Mason Gooding, Jasmin Savoy Brown, Jack Quaid",https://image.tmdb.org/t/p/w500/1m3W6cpgwuIyjtg5nSnPx7yFkXW.jpg
Deadpool & Wolverine,2024,2024-07-24,"Action, Comedy, Science Fiction","A listless Wade Wilson toils away in civilian life with his days as the morally flexible mercenary, Deadpool, behind him. But when his homeworld faces an existential threat, Wade must reluctantly suit-up again with an even more reluctant Wolverine.",128,7.556,8336,30.5911,Shawn Levy,"Ryan Reynolds, Hugh Jackman, Emma Corrin, Matthew Macfadyen, Dafne Keen",https://image.tmdb.org/t/p/w500/8cdWjvZQUExUUTzyp4t6EDMubfO.jpg
Puss in Book: Trapped in an Epic Tale,2017,2017-06-16,"Adventure, Animation, Comedy, Family, Fantasy","After tumbling into a magic storybook, Puss in Boots must fight, dance and romance his way through wild adventures as he searches for an escape.",23,6.6,247,28.6393,Roy Burdine,"Eric Bauza, Jayma Mays, Maria Bamford, Jeff Bennett, Ron Funches",https://image.tmdb.org/t/p/w500/vgLbNi7LBoXLikf6B5XrcT1yl79.jpg
Chainsaw Man - The Movie: Reze Arc,2025,2025-09-19,"Action, Animation, Fantasy, Romance","In a brutal war between devils, hunters, and secret enemies, a mysterious girl named Reze has stepped into Denji's world, and he faces his deadliest battle yet, fueled by love in a world where survival knows no rules.",99,8.336,743,32.0848,Tatsuya Yoshihara,"Kikunosuke Toya, Reina Ueda, Tomori Kusunoki, Shogo Sakata, Maaya Uchida",https://image.tmdb.org/t/p/w500/pHyxb2RV5wLlboAwm9ZJ9qTVEDw.jpg
Frequently Asked Questions About Time Travel,2009,2009-04-24,"Comedy, Drama, Romance, Science Fiction",Follows three social outcasts -- two geeks and a cynic -- as they attempt to navigate a time-travel conundrum in the middle of a British pub.,83,6.864,659,28.8793,Gareth Carrivick,"Chris O'Dowd, Dean Lennox Kelly, Marc Wootton, Anna Faris, Meredith MacNeill",https://image.tmdb.org/t/p/w500/r67KzlHkdiwe3fBWzImEkNOg1Y.jpg
Zootopia,2016,2016-02-11,"Adventure, Animation, Comedy, Family","Determined to prove herself, Officer Judy Hopps, the first bunny on Zootopia's police force, jumps at the chance to crack her first case - even if it means partnering with scam-artist fox Nick Wilde to solve the mystery.",109,7.759,17764,30.0633,Byron Howard,"Ginnifer Goodwin, Jason Bateman, Idris Elba, Jenny Slate, Nate Torrence",https://image.tmdb.org/t/p/w500/hlK0e0wAQ3VLuJcsfIYPvb4JVud.jpg
Shrek,2001,2001-05-18,"Adventure, Animation, Comedy, Family, Fantasy","It ain't easy bein' green -- especially if you're a likable (albeit smelly) ogre named Shrek. On a mission to retrieve a gorgeous princess from the clutches of a fire-breathing dragon, Shrek teams up with an unlikely compatriot -- a wisecracking donkey.",90,7.757,18466,27.5709,Andrew Adamson,"Mike Myers, Eddie Murphy, Cameron Diaz, John Lithgow, Vincent Cassel",https://image.tmdb.org/t/p/w500/iB64vpL3dIObOtMZgX3RqdVdQDc.jpg
Barbie,2023,2023-07-19,"Adventure, Comedy","Barbie and Ken are having the time of their lives in the colorful and seemingly perfect world of Barbie Land. However, when they get a chance to go to the real world, they soon discover the joys and perils of living among humans.",114,6.9,10831,26.9515,Greta Gerwig,"Margot Robbie, Ryan Gosling, America Ferrera, Ariana Greenblatt, Issa Rae",https://image.tmdb.org/t/p/w500/iuFNMS8U5cb6xfzi51Dbkovj7vM.jpg
People We Meet on Vacation,2026,2026-01-06,"Comedy, Drama, Romance","Poppy's a free spirit. Alex loves a plan. After years of summer vacations, these polar-opposite pals wonder if they could be a perfect romantic match.",116,7.034,488,29.8729,Brett Haley,"Emily Bader, Tom Blyth, Sarah Catherine Hook, Jameela Jamil, Miles Heizer",https://image.tmdb.org/t/p/w500/kOrJqRyt1pklNgDwJMjzN1GuNXS.jpg
Forrest Gump,1994,1994-06-23,"Comedy, Drama, Romance","A man with a low IQ has accomplished great things in his life and been present during significant historic events—in each case, far exceeding what anyone imagined he could do. But despite all he has achieved, his one true love eludes him.",142,8.462,29339,26.0711,Robert Zemeckis,"Tom Hanks, Robin Wright, Gary Sinise, Sally Field, Mykelti Williamson",https://image.tmdb.org/t/p/w500/saHP97rTPS5eLmrLQEcANmKrsFl.jpg
Toy Story,1995,1995-11-22,"Adventure, Animation, Comedy, Family","Led by Woody, Andy's toys live happily in his room until Andy's birthday brings Buzz Lightyear onto the scene. Afraid of losing his place in Andy's heart, Woody plots against Buzz. But when circumstances separate Buzz and Woody from their owner, the duo eventually learns to put aside their differences.",81,7.971,19616,28.0227,John Lasseter,"Tom Hanks, Tim Allen, Don Rickles, Jim Varney, Wallace Shawn",https://image.tmdb.org/t/p/w500/uXDfjJbdP4ijW5hWSBrPrlKpxab.jpg
TRON: Ares,2025,2025-10-08,"Action, Adventure, Science Fiction","A highly sophisticated Program called Ares is sent from the digital world into the real world on a dangerous mission, marking humankind's first encounter with A.I. beings.",119,6.476,1241,29.8289,Joachim Rønning,"Jared Leto, Greta Lee, Evan Peters, Gillian Anderson, Jodie Turner-Smith",https://image.tmdb.org/t/p/w500/chpWmskl3aKm1aTZqUHRCtviwPy.jpg
The Da Vinci Code,2006,2006-05-17,"Mystery, Thriller","A murder in Paris’ Louvre Museum and cryptic clues in some of Leonardo da Vinci’s most famous paintings lead to the discovery of a religious mystery. For 2,000 years a secret society closely guards information that — should it come to light — could rock the very foundations of Christianity.",149,6.726,9927,28.8071,Ron Howard,"Tom Hanks, Audrey Tautou, Ian McKellen, Jean Reno, Paul Bettany",https://image.tmdb.org/t/p/w500/9ejKfNk0LBhSI9AahH4f9NJNZNM.jpg
Five Nights at Freddy's 2,2025,2025-12-03,"Horror, Thriller","One year since the supernatural nightmare at Freddy Fazbear's Pizza, the stories about what transpired there have been twisted into a campy local legend, inspiring the town's first ever Fazfest. With the truth kept from her, Abby sneaks out to reconnect with Freddy, Bonnie, Chica, and Foxy, setting into motion a terrifying series of events that will reveal dark secrets about the real origin of Freddy's, and unleash a decades-hidden horror.",104,6.693,792,27.2105,Emma Tammi,"Josh Hutcherson, Piper Rubio, Elizabeth Lail, Matthew Lillard, Freddy Carter",https://image.tmdb.org/t/p/w500/udAxQEORq2I5wxI97N2TEqdhzBE.jpg
Lilo & Stitch,2025,2025-05-17,"Comedy, Family, Science Fiction",The wildly funny and touching story of a lonely Hawaiian girl and the fugitive alien who helps to mend her broken family.,108,7.207,2052,28.1666,Dean Fleischer Camp,"Maia Kealoha, Sydney Agudong, Chris Sanders, Zach Galifianakis, Billy Magnussen",https://image.tmdb.org/t/p/w500/ckQzKpQJO4ZQDCN5evdpKcfm7Ys.jpg
Dragon Ball Z: Super Android 13!,1992,1992-07-11,"Action, Animation, Science Fiction","Dr. Gero's Androids #13, #14, and #15 are awakened by the laboratory computers and immediately head to the mall where Goku is shopping. After Goku, Trunks, and Vegeta defeat #14 and #15, #13 absorbs their inner computers and becomes a super being greater than the original three separately were. Now it is up to Goku to stop him.",46,6.924,601,24.9732,Daisuke Nishio,"Masako Nozawa, Ryo Horikawa, Takeshi Kusao, Toshio Furukawa, Mayumi Tanaka",https://image.tmdb.org/t/p/w500/pIwjWaEuCcT3QVBd9Ng9wG3kbpU.jpg
A Working Man,2025,2025-03-26,"Action, Crime, Thriller","Levon Cade left behind a decorated military career in the black ops to live a simple life working construction. But when his boss's daughter, who is like family to him, is taken by human traffickers, his search to bring her home uncovers a world of corruption far greater than he ever could have imagined.",116,6.687,1799,24.4988,David Ayer,"Jason Statham, Jason Flemyng, Merab Ninidze, Maximilian Osinski, Cokey Falkow",https://image.tmdb.org/t/p/w500/6FRFIogh3zFnVWn7Z6zcYnIbRcX.jpg
Dune,2021,2021-09-15,"Adventure, Science Fiction","Paul Atreides, a brilliant and gifted young man born into a great destiny beyond his understanding, must travel to the most dangerous planet in the universe to ensure the future of his family and his people. As malevolent forces explode into conflict over the planet's exclusive supply of the most precious resource in existence-a commodity capable of unlocking humanity's greatest potential-only those who can conquer their fear will survive.",155,7.778,14523,26.8469,Denis Villeneuve,"Timothée Chalamet, Rebecca Ferguson, Oscar Isaac, Jason Momoa, Stellan Skarsgård",https://image.tmdb.org/t/p/w500/d5NXSklXo0qyIYkgV94XAgMIckC.jpg
The Fantastic 4: First Steps,2025,2025-07-23,"Action, Adventure, Science Fiction","Against the vibrant backdrop of a 1960s-inspired, retro-futuristic world, Marvel's First Family is forced to balance their roles as heroes with the strength of their family bond, while defending Earth from a ravenous space god called Galactus and his enigmatic Herald, Silver Surfer.",115,6.971,3049,28.8087,Matt Shakman,"Pedro Pascal, Vanessa Kirby, Ebon Moss-Bachrach, Joseph Quinn, Ralph Ineson",https://image.tmdb.org/t/p/w500/nf5qaSEvyYSNeFH0YhSs5EsBLX9.jpg
The Matrix,1999,1999-03-31,"Action, Science Fiction","Set in the 22nd century, The Matrix tells the story of a computer hacker who joins a group of underground insurgents fighting the vast and powerful computers who now rule the earth.",136,8.239,27471,28.2254,Lana Wachowski,"Keanu Reeves, Laurence Fishburne, Carrie-Anne Moss, Hugo Weaving, Gloria Foster",https://image.tmdb.org/t/p/w500/p96dm7sCMn4VYAStA6siNz30G1r.jpg
How to Train Your Dragon,2025,2025-06-06,"Action, Adventure, Family, Fantasy","On the rugged isle of Berk, where Vikings and dragons have been bitter enemies for generations, Hiccup stands apart, defying centuries of tradition when he befriends Toothless, a feared Night Fury dragon. Their unlikely bond reveals the true nature of dragons, challenging the very foundations of Viking society.",125,7.931,2647,25.9086,Dean DeBlois,"Mason Thames, Nico Parker, Gerard Butler, Nick Frost, Gabriel Howell",https://image.tmdb.org/t/p/w500/53dsJ3oEnBhTBVMigWJ9tkA5bzJ.jpg
Avengers: Infinity War,2018,2018-04-25,"Action, Adventure, Science Fiction","As the Avengers and their allies have continued to protect the world from threats too large for any one hero to handle, a new danger has emerged from the cosmic shadows: Thanos. A despot of intergalactic infamy, his goal is to collect all six Infinity Stones, artifacts of unimaginable power, and use them to inflict his twisted will on all of reality. Everything the Avengers have fought for has led up to this moment - the fate of Earth and existence itself has never been more uncertain.",149,8.234,31564,28.4783,Joe Russo,"Robert Downey Jr., Chris Evans, Chris Hemsworth, Josh Brolin, Mark Ruffalo",https://image.tmdb.org/t/p/w500/7WsyChQLEftFiDOVTGkv3hFpyyt.jpg
Léon: The Professional,1994,1994-09-14,"Action, Crime, Drama","Léon, the top hit man in New York, has earned a rep as an effective ""cleaner"". But when his next-door neighbors are wiped out by a loose-cannon DEA agent, he becomes the unwilling custodian of 12-year-old Mathilda. Before long, Mathilda's thoughts turn to revenge, and she considers following in Léon's footsteps.",111,8.294,15845,25.8213,Luc Besson,"Jean Reno, Natalie Portman, Gary Oldman, Danny Aiello, Peter Appel",https://image.tmdb.org/t/p/w500/bxB2q91nKYp8JNzqE7t7TWBVupB.jpg
Here Comes the Boom,2012,2012-10-10,"Action, Comedy, Drama",A high school biology teacher moonlights as a mixed-martial arts fighter in an effort to raise money to save the school's music program.,105,6.218,1553,27.7105,Frank Coraci,"Kevin James, Salma Hayek Pinault, Henry Winkler, Greg Germann, Joe Rogan",https://image.tmdb.org/t/p/w500/g3ZjNkQP4M7Cs0clPD9q7EO2P1g.jpg
Fight Club,1999,1999-10-15,"Drama, Thriller","A ticking-time-bomb insomniac and a slippery soap salesman channel primal male aggression into a shocking new form of therapy. Their concept catches on, with underground ""fight clubs"" forming in every town, until an eccentric gets in the way and ignites an out-of-control spiral toward oblivion.",139,8.438,31556,25.8961,David Fincher,"Edward Norton, Brad Pitt, Helena Bonham Carter, Meat Loaf, Jared Leto",https://image.tmdb.org/t/p/w500/pB8BM7pdSp6B6Ih7QZ4DrQ3PmJK.jpg
Wish,2023,2023-11-13,"Adventure, Animation, Family, Fantasy","Asha, a sharp-witted idealist, makes a wish so powerful that it is answered by a cosmic force – a little ball of boundless energy called Star. Together, Asha and Star confront a most formidable foe - the ruler of Rosas, King Magnifico - to save her community and prove that when the will of one courageous human connects with the magic of the stars, wondrous things can happen.",95,6.223,1741,27.3067,Fawn Veerasunthorn,"Ariana DeBose, Chris Pine, Alan Tudyk, Angelique Cabral, Victor Garber",https://image.tmdb.org/t/p/w500/nesuSdJakNkf0zs7OfoasB6Clxf.jpg
Mission: Impossible - The Final Reckoning,2025,2025-05-17,"Action, Adventure, Thriller","Ethan Hunt and team continue their search for the terrifying AI known as the Entity — which has infiltrated intelligence networks all over the globe — with the world's governments and a mysterious ghost from Hunt's past on their trail. Joined by new allies and armed with the means to shut the Entity down for good, Hunt is in a race against time to prevent the world as we know it from changing forever.",170,7.185,2614,26.9104,Christopher McQuarrie,"Tom Cruise, Hayley Atwell, Ving Rhames, Simon Pegg, Esai Morales",https://image.tmdb.org/t/p/w500/z53D72EAOxGRqdr7KXXWp9dJiDe.jpg
Spider-Man: No Way Home,2021,2021-12-15,"Action, Adventure, Science Fiction","Peter Parker is unmasked and no longer able to separate his normal life from the high-stakes of being a super-hero. When he asks for help from Doctor Strange the stakes become even more dangerous, forcing him to discover what it truly means to be Spider-Man.",148,7.933,21637,24.4609,Jon Watts,"Tom Holland, Zendaya, Benedict Cumberbatch, Jacob Batalon, Jon Favreau",https://image.tmdb.org/t/p/w500/1g0dhYtq4irTY1GPXvft6k4YLjm.jpg
Spider-Man,2002,2002-05-01,"Action, Science Fiction","After being bitten by a genetically altered spider at Oscorp, nerdy but endearing high school student Peter Parker is endowed with amazing powers to become the superhero known as Spider-Man.",121,7.322,20366,28.3147,Sam Raimi,"Tobey Maguire, Willem Dafoe, Kirsten Dunst, James Franco, Cliff Robertson",https://image.tmdb.org/t/p/w500/kjdJntyBeEvqm9w97QGBdxPptzj.jpg
The Lord of the Rings: The Fellowship of the Ring,2001,2001-12-18,"Action, Adventure, Fantasy","Young hobbit Frodo Baggins, after inheriting a mysterious ring from his uncle Bilbo, must leave his home in order to keep it from falling into the hands of its evil creator. Along the way, a fellowship is formed to protect the ringbearer and make sure that the ring arrives at its final destination: Mt. Doom, the only place where it can be destroyed.",179,8.4,27114,25.5873,Peter Jackson,"Elijah Wood, Ian McKellen, Viggo Mortensen, Sean Astin, Ian Holm",https://image.tmdb.org/t/p/w500/6oom5QYQ2yQTMJIbnvbkBL9cHo6.jpg
Harry Potter and the Goblet of Fire,2005,2005-11-16,"Adventure, Fantasy","When his name emerges from the Goblet of Fire, Harry Potter becomes a competitor in a grueling battle for glory among three wizarding schools—the Triwizard Tournament. But since Harry never submitted his name for the Tournament, who did? Now Harry must confront a deadly dragon, fierce water demons, and an enchanted maze only to find himself in the cruel grasp of He Who Must Not Be Named.",157,7.801,21910,23.7179,Mike Newell,"Daniel Radcliffe, Rupert Grint, Emma Watson, Brendan Gleeson, Michael Gambon",https://image.tmdb.org/t/p/w500/fECBtHlr0RB3foNHDiCBXeg9Bv9.jpg
Finding Nemo,2003,2003-05-30,"Adventure, Animation, Family","Nemo, an adventurous young clownfish, is unexpectedly taken from his Great Barrier Reef home to a dentist's office aquarium. It's up to his worrisome father Marlin and a friendly but forgetful fish Dory to bring Nemo home -- meeting vegetarian sharks, surfer dude turtles, hypnotic jellyfish, hungry seagulls, and more along the way.",100,7.817,20328,24.9589,Andrew Stanton,"Albert Brooks, Ellen DeGeneres, Alexander Gould, Willem Dafoe, Geoffrey Rush",https://image.tmdb.org/t/p/w500/eHuGQ10FUzK1mdOY69wF5pGgEf5.jpg
Toy Story 4,2019,2019-06-19,"Adventure, Animation, Comedy, Family","Woody has always been confident about his place in the world, devoted to taking care of his kid—whether that's Andy or Bonnie. But after Bonnie creates a reluctant new toy called ""Forky"", a road trip adventure alongside old and new friends challenges everything Woody believes about loyalty, purpose, and what it truly means to be a toy.",100,7.466,10383,22.439,Josh Cooley,"Tom Hanks, Tim Allen, Annie Potts, Tony Hale, Keegan-Michael Key",https://image.tmdb.org/t/p/w500/w9kR8qbmQ01HwnvK4alvnQ2ca0L.jpg
Se7en,1995,1995-09-22,"Crime, Mystery, Thriller","Two homicide detectives are on a desperate hunt for a serial killer whose crimes are based on the ""seven deadly sins"" in this dark and haunting film that takes viewers from the tortured remains of one victim to the next. The seasoned Det. Somerset researches each sin in an effort to get inside the killer's mind, while his novice partner, Mills, scoffs at his efforts to unravel the case.",127,8.4,22722,25.7852,David Fincher,"Morgan Freeman, Brad Pitt, Gwyneth Paltrow, John Cassini, Peter Crombie",https://image.tmdb.org/t/p/w500/191nKfP0ehp3uIvWqgPbFmI4lv9.jpg
The Equalizer,2014,2014-09-24,"Action, Crime, Thriller","McCall believes he has put his mysterious past behind him and dedicated himself to beginning a new, quiet life. But when he meets Teri, a young girl under the control of ultra-violent Russian gangsters, he can’t stand idly by – he has to help her. Armed with hidden skills that allow him to serve vengeance against anyone who would brutalize the helpless, McCall comes out of his self-imposed retirement and finds his desire for justice reawakened. If someone has a problem, if the odds are stacked against them, if they have nowhere else to turn, McCall will help. He is The Equalizer.",132,7.281,9781,19.8391,Antoine Fuqua,"Denzel Washington, Marton Csokas, Chloë Grace Moretz, David Harbour, Haley Bennett",https://image.tmdb.org/t/p/w500/9u4yW7yPA0BQ2pv9XwiNzItwvp8.jpg
Ca$h,2008,2008-04-23,"Comedy, Crime, Thriller","A man meets up with two ""good guys"" to recover what is unlawfully his, taking them on his whirlwind ride, doing things they never would have imagined, just to survive.",100,5.7,284,24.296,Éric Besnard,"Jean Dujardin, Jean Reno, Valeria Golino, Alice Taglioni, François Berléand",https://image.tmdb.org/t/p/w500/4Lwmsz1qQ0fNBLf5KBBrlzsozee.jpg
Weapons,2025,2025-08-04,"Horror, Mystery","When all but one child from the same class mysteriously vanish on the same night at exactly the same time, a community is left questioning who or what is behind their disappearance.",129,7.272,2993,25.5599,Zach Cregger,"Julia Garner, Josh Brolin, Alden Ehrenreich, Austin Abrams, Benedict Wong",https://image.tmdb.org/t/p/w500/cpf7vsRZ0MYRQcnLWteD5jK9ymT.jpg
Return to House on Haunted Hill,2007,2007-10-03,"Horror, Thriller","Eight years have passed since Sara Wolfe and Eddie Baker escaped the House on Haunted Hill. Now the kidnapped Ariel, Sara's sister, goes inside the house with a group of treasure hunters to find the statue of Baphomet, worth millions and believed to be the cause of the House's evil.",81,5.48,320,25.9539,Víctor García,"Amanda Righetti, Cerina Vincent, Erik Palladino, Jeffrey Combs, Andrew Pleavin",https://image.tmdb.org/t/p/w500/ipBiyifbFqY0ZduO3R9OPBjc2pH.jpg
Fast X,2023,2023-05-17,"Action, Crime, Thriller","Over many missions and against impossible odds, Dom Toretto and his family have outsmarted, out-nerved and outdriven every foe in their path. Now, they confront the most lethal opponent they've ever faced: A terrifying threat emerging from the shadows of the past who's fueled by blood revenge, and who is determined to shatter this family and destroy everything—and everyone—that Dom loves, forever.",142,7.002,6222,27.3418,Louis Leterrier,"Vin Diesel, Michelle Rodriguez, Tyrese Gibson, Ludacris, John Cena",https://image.tmdb.org/t/p/w500/fiVW06jE7z9YnO4trhaMEdclSiC.jpg
A Minecraft Movie,2025,2025-03-31,"Adventure, Comedy, Family, Fantasy","Four misfits find themselves struggling with ordinary problems when they are suddenly pulled through a mysterious portal into the Overworld: a bizarre, cubic wonderland that thrives on imagination. To get back home, they'll have to master this world while embarking on a magical quest with an unexpected, expert crafter, Steve.",101,6.273,2827,23.6147,Jared Hess,"Jason Momoa, Jack Black, Sebastian Eugene Hansen, Emma Myers, Danielle Brooks",https://image.tmdb.org/t/p/w500/yFHHfHcUgGAxziP1C3lLt0q2T4s.jpg
The Batman,2022,2022-03-01,"Crime, Mystery, Thriller","In his second year of fighting crime, Batman uncovers corruption in Gotham City that connects to his own family while facing a serial killer known as the Riddler.",177,7.657,11668,21.4183,Matt Reeves,"Robert Pattinson, Zoë Kravitz, Jeffrey Wright, Colin Farrell, Paul Dano",https://image.tmdb.org/t/p/w500/74xTEgt7R36Fpooo50r9T25onhq.jpg
The Night Caller,1975,1975-04-09,"Action, Crime, Thriller","A serial-killer frightens Paris by phoning young ladies at night, telling them insults about their lives. Minos, as he calls himself, wants to prevent the world from free women and he targets at first these ones. Commissaire Letellier is given the investigation and he has hard work with the maniac.",125,7.199,274,25.8533,Henri Verneuil,"Jean-Paul Belmondo, Charles Denner, Adalberto Maria Merli, Rosy Varte, Jean Martin",https://image.tmdb.org/t/p/w500/c6GSsxdP7OqpV67724sNivK2GWL.jpg
Avatar: The Way of Water,2022,2022-12-14,"Action, Adventure, Science Fiction","Set more than a decade after the events of the first film, learn the story of the Sully family (Jake, Neytiri, and their kids), the trouble that follows them, the lengths they go to keep each other safe, the battles they fight to stay alive, and the tragedies they endure.",192,7.597,13799,27.7559,James Cameron,"Sam Worthington, Zoe Saldaña, Sigourney Weaver, Stephen Lang, Kate Winslet",https://image.tmdb.org/t/p/w500/t6HIqrRAclMCA60NsSmeqe9RmNV.jpg
¿Y Cómo Es Él?,2022,2022-04-07,"Comedy, Drama","Thomas is a meek man on the verge of a nervous breakdown. Despite his situation he decides to fake a work trip to go to Vallarta to confront Jero, a taxi driver who is sleeping with his wife.",95,7.504,260,25.5994,Ariel Winograd,"Zuria Vega, Mauricio Ochmann, Omar Chaparro, Consuelo Duval, Miguel Rodarte",https://image.tmdb.org/t/p/w500/n5nH4IcSmlYgAil6NOVvn6d35BH.jpg
